{
  "performance": {
    "total_return": 0.06586278327781914,
    "annualized_return": 0.13983537220060138,
    "volatility": 0.6995687765856875,
    "sharpe_ratio": 0.19988795509582535,
    "max_drawdown": -0.08039466767646318
  },
  "trading": {
    "total_trades": 15,
    "winning_trades": 8,
    "losing_trades": 7,
    "win_rate": 0.5333333333333333,
    "avg_win": 0.040138523319228646,
    "avg_loss": -0.034637083268602084,
    "profit_factor": 1.3243782025001272
  },
  "benchmark": {
    "benchmark_return": 0.040451701834375964,
    "excess_return": 0.09938367036622542,
    "beta": -0.05588021472438718,
    "alpha": 0.005391834597751984
  }
}