{
  "performance": {
    "total_return": 0.7500808879377203,
    "annualized_return": 0.764423037783422,
    "volatility": 0.47643959082106985,
    "sharpe_ratio": 1.6044490267193314,
    "max_drawdown": -0.05689054871271915
  },
  "trading": {
    "total_trades": 33,
    "winning_trades": 24,
    "losing_trades": 9,
    "win_rate": 0.7272727272727273,
    "avg_win": 0.030939127408130818,
    "avg_loss": -0.018171714569144435,
    "profit_factor": 4.540261704039081
  },
  "benchmark": {
    "benchmark_return": -0.004157486349268269,
    "excess_return": 0.7685805241326903,
    "beta": 0.02650306106929311,
    "alpha": 0.0175467299559624
  }
}