{
  "performance": {
    "total_return": -0.1472170963634556,
    "annualized_return": -0.14919530124155977,
    "volatility": 2.5027327512283146,
    "sharpe_ratio": -0.059612957543443784,
    "max_drawdown": -0.4766605376450986
  },
  "trading": {
    "total_trades": 19,
    "winning_trades": 9,
    "losing_trades": 10,
    "win_rate": 0.47368421052631576,
    "avg_win": 0.11799392442880301,
    "avg_loss": -0.09902510674172535,
    "profit_factor": 1.0724000759009173
  },
  "benchmark": {
    "benchmark_return": -0.01830123625113045,
    "excess_return": -0.13089406499042933,
    "beta": -0.13913743525240377,
    "alpha": 0.0036502487364746842
  }
}