{
  "performance": {
    "total_return": 2455459.9099038327,
    "annualized_return": 2919866.355410487,
    "volatility": 1.3277252498726044,
    "sharpe_ratio": 2199149.527125924,
    "max_drawdown": -0.156768365324516
  },
  "trading": {
    "total_trades": 199,
    "winning_trades": 181,
    "losing_trades": 18,
    "win_rate": 0.9095477386934674,
    "avg_win": 0.09246364388986666,
    "avg_loss": -0.04767085907168604,
    "profit_factor": 19.504018306141564
  },
  "benchmark": {
    "benchmark_return": 0.2398725534820194,
    "excess_return": 2919866.1155379335,
    "beta": -0.19493774761341315,
    "alpha": 0.08001847961853535
  }
}