{
  "performance": {
    "total_return": 20733708468765.54,
    "annualized_return": 2178.2599570974976,
    "volatility": 1.2345011471298446,
    "sharpe_ratio": 1764.4859724608978,
    "max_drawdown": -0.4254883261281585
  },
  "trading": {
    "total_trades": 656,
    "winning_trades": 509,
    "losing_trades": 147,
    "win_rate": 0.7759146341463414,
    "avg_win": 0.07623221549860783,
    "avg_loss": -0.038133517127286146,
    "profit_factor": 6.922008468668224
  },
  "benchmark": {
    "benchmark_return": 0.05356680678643699,
    "excess_return": 2178.206390290711,
    "beta": -0.21808494733558445,
    "alpha": 0.050641901178822335
  }
}