{
  "model_config": {
    "algorithm": "xgboost",
    "xgboost": {
      "objective": "multi:softprob",
      "num_class": 3,
      "eval_metric": "mlogloss",
      "learning_rate": 0.1,
      "max_depth": 6,
      "min_child_weight": 1,
      "subsample": 0.8,
      "colsample_bytree": 0.8,
      "reg_alpha": 0,
      "reg_lambda": 1,
      "gamma": 0,
      "random_state": 42,
      "n_jobs": -1,
      "verbosity": 1
    },
    "training": {
      "n_estimators": 2000,
      "early_stopping_rounds": 100,
      "validation_split": 0.2,
      "scale_pos_weight": null,
      "class_weight": "balanced"
    }
  },
  "data_shapes": {
    "train": [
      11493,
      59
    ],
    "val": [
      3831,
      59
    ],
    "test": [
      3831,
      59
    ]
  },
  "feature_count": 59,
  "best_params": null,
  "evaluation_metrics": {
    "accuracy": 0.5343252414513182,
    "macro_f1": 0.33235164477207285
  },
  "classification_report": {
    "0": {
      "precision": 0.5845262440354465,
      "recall": 0.7728706624605678,
      "f1-score": 0.6656316708713371,
      "support": 2219.0
    },
    "1": {
      "precision": 0.0625,
      "recall": 0.0364963503649635,
      "f1-score": 0.04608294930875576,
      "support": 137.0
    },
    "2": {
      "precision": 0.40024479804161567,
      "recall": 0.2216949152542373,
      "f1-score": 0.28534031413612565,
      "support": 1475.0
    },
    "accuracy": 0.5343252414513182,
    "macro avg": {
      "precision": 0.3490903473590207,
      "recall": 0.34368730935992287,
      "f1-score": 0.33235164477207285,
      "support": 3831.0
    },
    "weighted avg": {
      "precision": 0.49490663341843877,
      "recall": 0.5343252414513182,
      "f1-score": 0.49705742758276744,
      "support": 3831.0
    }
  }
}